번호,홍보비,제작비,예산,영화길이_분,남자_주연_배우_순위,여_주연_배우_순위,디렉터_순위,프로듀서_순위,비평가_순위,트레일러_뷰수,3D_가능여부,트위터_해시태그_수,장르,배우_평균_나이
2,20.1264,59.62,36524.125,138.7,7.825,8.095,7.91,7.995,7.94,527367,Y,223.84,Thriller,23
3,20.5462,69.14,35668.655,152.4,7.505,7.65,7.44,7.47,7.44,494055,N,243.456,Drama,42
4,20.5458,69.14,39912.675,134.6,7.485,7.57,7.495,7.515,7.44,547051,N,2022.4,Comedy,38
5,20.6474,59.36,38873.89,119.3,6.895,7.035,6.92,7.02,8.26,516279,Y,225.344,Drama,45
6,21.381,59.36,39701.585,127.7,6.92,7.07,6.815,7.07,8.26,531448,N,225.792,Drama,55
7,20.597,59.36,35718.65,132.2,6.89,7.1,6.885,7.005,7.26,498425,Y,284.592,Comedy,53
8,21.7658,70.74,33396.66,140.1,7.065,7.265,7.15,7.4,8.96,459241,Y,243.664,Thriller,41
9,22.891,70.74,34285.46,169.6,6.98,7.075,6.875,7.17,7.96,400821,N,243.536,Drama,56
10,24.2248,70.74,31280.205,173.5,6.91,7.075,6.85,7,7.96,295168,Y,242.64,Comedy,55
11,23.4008,70.74,33352.22,159.4,6.665,6.725,6.575,6.855,7.96,412012,Y,283.024,Thriller,45
12,24.4978,70.74,35424.235,167.8,6.675,6.845,6.725,7.06,8.96,369595,N,222.4,Drama,29
13,22.3494,70.74,33379.995,156.4,6.865,7.035,6.745,6.905,8.96,451646,N,263.024,Action,23
14,21.8756,70.74,32713.395,112.5,7.12,7.43,7.21,7.335,8.96,407557,Y,203.472,Action,57
15,32.5952,71.28,33046.695,135.3,7.64,7.705,7.535,7.705,6.8,472490,Y,283.264,Comedy,39
16,32.7592,71.28,33863.28,158,7.7,7.9,7.76,7.71,7.8,495311,N,262.912,Comedy,49
17,32.5478,71.28,32407.87,130,7.7,7.825,7.64,7.84,6.8,497626,Y,283.184,Thriller,28
18,41.0786,71.28,32968.925,102.8,7.67,7.805,7.74,7.785,7.8,532331,N,203.696,Comedy,46
19,35.684,71.28,33274.45,155.2,7.72,7.925,7.82,8.015,6.8,431225,N,222.8,Drama,56
20,36.0542,71.28,30308.08,110.1,8.1,8.24,8.07,8,6.8,448317,Y,243.232,Action,41
21,34.516,71.28,31813.485,143,8.01,8.175,8,8.215,7.8,463328,N,242.912,Action,27
22,45.0358,71.28,30941.35,171.6,8.035,8.205,7.955,8.21,7.8,371051,Y,302.176,Action,44
23,37.0408,71.28,33135.575,162.7,7.945,8.14,7.83,8.06,7.8,457361,Y,283.136,Comedy,23
24,44.6494,71.28,34118.81,165.2,7.91,8.01,7.845,8.275,6.8,387496,Y,282.432,Thriller,48
25,39.7686,71.28,32291.215,173.5,7.825,8.01,7.935,8.04,7.8,365213,Y,262.32,Drama,29
26,35.0052,71.28,32907.82,167.6,7.655,7.965,7.64,7.94,7.8,414145,Y,262.496,Drama,27
27,36.8108,71.28,31102.445,159.2,7.655,7.835,7.64,7.96,7.8,422375,Y,262.224,Thriller,35
28,33.4382,71.28,32291.215,163.8,7.53,7.705,7.645,7.755,6.8,436807,N,242.656,Drama,59
29,39.1154,71.28,33591.085,162.3,7.75,7.8,7.7,7.845,6.8,406866,Y,262.368,Drama,20
30,35.4598,71.28,36079.725,167.9,7.715,7.825,7.655,7.895,7.8,455480,Y,302.944,Thriller,35
31,40.049,71.28,37074.07,160.8,7.735,8.03,7.82,7.935,6.8,466851,N,243.36,Thriller,50
32,42.6162,71.28,31735.715,167.6,7.74,7.91,7.815,8.07,6.8,350102,N,242.032,Drama,34
33,47.0944,71.28,33729.96,173.5,7.805,7.97,7.76,8.115,6.8,436306,Y,242.32,Comedy,23
34,47.7598,71.28,33052.25,155.5,7.995,8.07,7.845,8.105,7.8,299587,N,282.112,Thriller,25
35,43.0344,71.28,31669.055,168.5,8.1,8.165,8.02,8.14,7.8,394967,Y,302.096,Comedy,25
36,52.2564,71.28,33863.28,170.4,7.965,8.17,8.065,8.28,6.8,377048,Y,222.16,Comedy,40
37,21.2834,66.92,32957.815,141.7,8.155,8.365,8.23,8.53,7.16,475977,Y,223.024,Thriller,43
38,21.9488,66.92,32446.755,134.9,8.305,8.36,8.19,8.39,8.16,474433,N,303.2,Comedy,39
39,21.6028,66.92,32496.75,115,8.01,8.125,7.94,8.055,7.16,482433,Y,203.36,Thriller,21
40,23.501,66.92,33141.13,103.7,7.925,8.17,7.98,8.23,7.16,498052,Y,203.872,Thriller,21
41,20.5526,60.9,36635.225,95.3,7.175,7.325,7.225,7.475,8.34,553070,Y,244.928,Thriller,49
42,20.6718,60.9,39018.32,89.3,7.185,7.345,7.235,7.43,8.34,567784,Y,305.584,Thriller,20
43,22.5488,68.82,37607.35,76.4,7.115,7.14,7,7.3,7.42,512492,N,264.256,Action,30
44,22.83,68.82,34268.795,80.1,7.035,7.27,7.06,7.19,7.42,526836,N,304.048,Thriller,52
45,23.1872,68.82,34502.105,80,6.98,7.17,7.08,7.33,8.42,473146,Y,303.952,Thriller,56
46,22.4538,68.82,33713.295,113.5,7.095,7.245,7.05,7.165,8.42,471960,N,243.392,Thriller,53
47,23.4284,68.82,31563.51,107.3,7.385,7.525,7.395,7.49,8.42,470466,N,223.088,Thriller,21
48,23.7672,68.82,32141.23,106.8,7.375,7.5,7.3,7.625,8.42,445250,Y,243.2,Drama,39
49,24.5854,68.82,33496.65,159,7.085,7.18,7.125,7.23,7.42,374797,Y,242.656,Thriller,44
50,25.0774,68.82,29991.445,168.8,7.01,7.16,7.02,7.07,8.42,264112,N,282.304,Comedy,34
51,24.3954,68.82,31119.11,135.5,6.945,7.05,6.85,6.98,7.42,422013,N,263.104,Action,45
52,21.7746,66.28,33124.465,119.2,6.46,6.725,6.5,6.685,7.64,442225,Y,223.152,Thriller,21
53,20.8674,66.28,33968.825,136.5,6.48,6.63,6.46,6.795,8.64,502413,Y,223.28,Drama,30
54,21.072,66.28,36168.605,94.6,6.49,6.62,6.44,6.815,8.64,504792,N,284,Thriller,56
55,20.9962,66.28,33318.89,94.9,6.555,6.74,6.565,6.51,8.64,496877,N,223.744,Thriller,41
56,20.272,63,32707.84,121.1,6.3,6.365,6.2,6.5,6.78,410055,Y,303.024,Comedy,55
57,20.2622,57.44,40268.195,95.4,5.55,5.795,5.605,5.655,8.42,512329,Y,265.664,Thriller,50
58,20.411,56.48,35457.565,109.2,5.34,5.535,5.285,5.465,8.54,539589,Y,303.952,Drama,22
59,20.2864,57.64,37862.88,114,5.685,5.86,5.815,5.99,8.98,512129,Y,305.056,Drama,45
60,23.089,65.26,34135.475,102.7,6.01,6.115,5.965,6.28,7.06,480067,N,283.728,Comedy,22
61,22.0656,65.26,32924.485,120.7,6.37,6.66,6.45,6.66,7.06,467075,Y,283.136,Comedy,20
62,22.9864,65.26,31891.255,139.7,6.335,6.42,6.235,6.56,7.06,465689,N,222.992,Thriller,30
63,23.4342,65.26,33141.13,166.9,6.58,6.665,6.46,6.655,7.06,430178,N,302.56,Thriller,48
64,22.2054,65.26,35863.08,141.3,6.225,6.46,6.285,6.58,7.06,525189,Y,203.552,Comedy,56
65,22.53,65.26,37562.91,116.9,5.885,6.155,5.95,6.045,8.06,469499,Y,264,Action,28
66,20.3902,57.76,39462.72,133,5.28,5.455,5.315,5.505,7.28,477265,Y,205.28,Action,30
67,20.7168,61.74,34940.95,91.3,6.69,6.785,6.575,6.725,8.78,545499,N,243.76,Thriller,20
68,20.8758,61.74,32146.785,104.6,6.65,6.78,6.58,6.77,8.78,465605,N,223.104,Action,44
69,21.1578,67.14,32652.29,94.9,6.68,6.8,6.74,6.785,8.22,493569,Y,263.52,Thriller,29
70,22.7108,67.14,31074.67,110.3,6.745,6.915,6.73,6.615,8.22,461313,N,302.784,Thriller,40
71,22.5632,67.14,32691.175,106.5,6.725,6.805,6.7,6.77,7.22,499656,N,223.344,Drama,56
72,21.7652,76.62,35646.435,80.1,7.24,7.465,7.205,7.52,7.16,501152,Y,283.872,Thriller,38
73,23.1752,76.62,33113.355,91,7.28,7.4,7.29,7.455,8.16,491978,N,263.472,Action,46
74,21.8328,76.62,33691.075,81.3,7.27,7.52,7.195,7.44,7.16,500290,N,203.648,Thriller,20
75,23.9078,76.62,34690.975,79.7,7.32,7.385,7.25,7.47,8.16,493124,Y,243.744,Drama,45
76,21.5792,80.66,34846.515,79.5,7.73,8.025,7.715,8.025,7.26,488560,N,203.856,Thriller,40
77,21.9024,80.66,34918.73,118.5,7.585,7.75,7.585,8.07,8.26,496661,N,203.424,Comedy,28
78,22.0306,80.66,34879.845,148,7.835,8.14,7.87,8.05,8.26,478283,N,243.2,Comedy,22
79,21.7414,80.66,34107.7,119.3,7.84,7.97,7.87,8.14,7.26,490040,Y,223.328,Thriller,57
80,21.1292,80.66,34618.76,127.2,7.33,7.5,7.45,7.69,8.26,447528,Y,303.392,Drama,53
81,21.6774,80.66,32630.07,110.1,7.735,7.885,7.59,7.785,8.26,467670,N,303.248,Action,37
82,20.8226,64.72,37368.485,107,7.25,7.36,7.3,7.29,8.2,499995,Y,284.48,Drama,54
83,20.8924,64.72,36768.545,143.9,7.145,7.445,7.145,7.46,7.2,510436,Y,243.824,Drama,49
84,20.7318,64.72,35007.61,105.7,7.235,7.405,7.265,7.29,8.2,492574,N,203.968,Thriller,20
85,20.7102,64.72,34257.685,120.2,7.24,7.41,7.165,7.385,7.2,485743,Y,203.664,Drama,34
86,21.0118,63.98,35490.895,121.5,7.515,7.645,7.505,7.775,7.3,454277,N,283.824,Drama,23
87,21.147,63.98,36829.65,129.6,7.625,7.925,7.755,7.815,8.3,495454,N,244.256,Thriller,56
88,21.0376,63.98,33413.325,118.6,7.69,7.92,7.755,7.78,7.3,436753,Y,223.6,Thriller,50
89,21.4302,63.98,34002.155,130.3,8.035,8.13,8.08,8.26,8.3,489563,Y,243.552,Comedy,43
90,21.132,61.82,38923.885,159.8,8.25,8.455,8.28,8.175,8.44,509357,N,203.776,Thriller,28
91,21.0604,61.82,39323.845,136.6,8.17,8.31,8.135,8.555,8.44,515362,Y,304.592,Comedy,31
92,20.9368,61.82,35646.435,139.6,8.43,8.535,8.425,8.425,8.44,503147,Y,303.616,Drama,58
93,20.7864,61.82,35579.775,147.4,8.42,8.525,8.295,8.575,7.44,496193,N,263.52,Thriller,23
94,20.8406,85.08,35785.31,127.1,8.02,8.295,8.015,8.34,8.36,489837,N,283.664,Drama,60
95,20.575,85.08,34502.105,102.4,8.04,8.225,8.095,8.305,8.36,508101,N,284,Action,46
96,20.8588,85.08,34713.195,150.8,8.095,8.33,8.04,8.305,8.36,468556,N,263.296,Action,54
97,22.4408,60.78,36801.875,131.3,8.215,8.385,8.12,8.29,7.4,489220,N,284.544,Thriller,46
98,22.3008,60.78,34235.465,143.1,8.21,8.325,8.23,8.245,8.4,467769,N,243.424,Thriller,21
99,22.4166,60.78,44823.295,149.5,8.15,8.34,8.215,8.305,7.4,543618,Y,246.192,Thriller,53
100,21.6374,60.78,43440.1,110.4,8.23,8.29,8.2,8.285,7.4,544945,Y,207.008,Action,25
101,21.372,60.78,41195.88,136,8.085,8.32,8.165,8.435,8.4,484613,N,265.312,Thriller,31
102,22.9732,72.12,37368.485,153.4,8.45,8.66,8.595,8.74,6.82,471052,Y,304.4,Drama,24
103,22.2864,72.12,37668.455,144.8,8.425,8.63,8.44,8.79,7.82,491484,Y,204.24,Thriller,58
104,24.5752,72.12,35579.775,158.9,8.485,8.725,8.635,8.725,7.82,457364,N,262.976,Action,57
105,24.2322,72.12,34091.035,160.9,8.515,8.79,8.56,8.71,7.82,443252,Y,283.088,Comedy,36
106,22.792,72.12,34257.685,163.5,8.685,8.875,8.66,8.935,6.82,432081,Y,203.216,Comedy,20
107,22.6524,72.12,32502.305,170.2,8.905,9.025,8.935,8.925,6.82,430817,Y,263.12,Comedy,57
108,23.424,72.12,32418.98,165.4,8.815,8.965,8.76,9.04,6.82,405008,Y,283.12,Drama,20
109,22.6234,72.12,34035.485,158.7,8.825,9.025,8.915,8.99,6.82,442160,Y,283.264,Action,57
110,22.5604,72.12,35963.07,170.6,8.64,8.91,8.73,8.85,7.82,473768,N,203.168,Action,48
111,25.2726,72.12,34602.095,164.7,8.715,8.86,8.56,8.775,6.82,437611,Y,283.104,Comedy,41
112,22.1586,72.12,34413.225,127.9,8.475,8.7,8.48,8.79,7.82,423752,Y,203.472,Comedy,37
113,22.0168,75.02,37301.825,155.1,8.595,8.685,8.5,8.87,8.44,495560,Y,263.648,Thriller,34
114,22.4658,75.02,32846.715,166.4,8.725,8.885,8.72,8.965,7.44,394329,Y,303.008,Thriller,35
115,24.4424,75.02,33841.06,168.9,8.705,8.875,8.725,8.6,8.44,405200,Y,202.992,Thriller,59
116,22.8462,75.02,34740.97,157.7,8.73,8.93,8.855,8.975,8.44,446050,N,242.96,Action,39
117,23.4268,75.02,32930.04,161.7,8.72,8.795,8.64,8.92,7.44,415458,N,222.928,Comedy,24
118,22.6316,75.02,34307.68,146,8.535,8.645,8.5,8.86,8.44,432696,N,263.392,Comedy,23
119,23.0196,75.02,33446.655,156.1,8.615,8.755,8.54,8.595,7.44,454755,N,303.072,Action,28
120,22.6116,75.02,32618.96,146.6,8.6,8.865,8.69,8.89,7.44,410730,Y,283.264,Thriller,40
121,22.8952,75.02,31835.705,138.7,8.52,8.74,8.54,8.685,8.44,463019,Y,223.088,Thriller,20
122,21.3798,106.3,32607.85,143.2,8.8,8.92,8.735,9.03,7.18,455844,Y,203.52,Thriller,23
123,21.433,106.3,33352.22,157.6,8.78,9.02,8.815,8.99,8.18,454602,Y,203.248,Action,39
124,21.8598,106.3,33113.355,166.4,8.83,9.075,8.865,9.05,8.18,388265,Y,203.28,Comedy,51
125,23.0076,106.3,32530.08,170.5,8.89,9.09,8.965,9.165,8.18,334417,Y,202.768,Drama,51
126,21.9698,106.3,32657.845,169.3,8.895,9.13,8.9,9.06,8.18,395312,N,263.008,Thriller,56
127,23.3804,106.3,33252.23,161.9,8.935,9.075,8.855,9.155,7.18,443766,Y,283.424,Drama,22
128,27.747,106.3,31180.215,169.1,9.035,9.24,9.1,9.115,8.18,303828,N,202.512,Drama,42
129,25.183,98.78,31624.615,169.5,8.955,9.135,9.08,9.255,6.76,391198,Y,302.592,Comedy,31
130,26.5086,98.78,35724.205,172.3,9.02,9.195,9.04,9.115,7.76,444896,N,282.88,Comedy,41
131,37.625,98.78,31313.535,168.2,8.85,9.06,8.95,9.175,6.76,406685,Y,202.288,Drama,30
132,26.8012,98.78,35874.19,172.4,8.815,9.035,8.82,9.095,6.76,466796,Y,263.072,Comedy,25
133,43.8588,98.78,35140.93,171.2,8.73,8.985,8.79,8.955,6.76,438063,Y,243.136,Comedy,29
134,31.801,98.78,35396.46,171.4,8.795,8.92,8.8,8.83,6.76,456491,Y,243.68,Action,57
135,26.5964,98.78,32341.21,168.9,8.635,8.79,8.735,8.895,7.76,426316,Y,202.944,Action,58
136,39.5234,98.78,31980.135,171.9,8.825,8.86,8.735,8.885,6.76,402396,N,222.496,Action,32
137,31.1556,98.78,35190.925,171.7,8.89,8.965,8.84,9.085,6.76,411162,Y,222.896,Thriller,37
138,26.4528,98.78,33007.81,167,8.87,9.08,8.91,9.205,6.76,394365,N,202.784,Thriller,37
139,27.0466,98.78,35851.97,171.9,8.925,9.235,8.915,9.225,7.76,442884,Y,222.736,Comedy,40
140,24.996,98.78,32535.635,171.7,9.055,9.295,9.08,9.235,6.76,380380,N,282.128,Thriller,39
141,30.8904,98.78,34168.805,171.4,9.045,9.205,9.16,9.255,7.76,411330,Y,202.848,Drama,29
142,25.818,98.78,34296.57,167.1,9.07,9.23,9.065,9.41,6.76,354960,N,202.24,Drama,28
143,52.5728,98.78,27880.545,173.5,9.185,9.34,9.145,9.45,7.76,233100,Y,242.304,Comedy,43
144,86.421,94.16,30013.665,173.5,9.33,9.48,9.18,9.365,9.06,329378,Y,262.144,Thriller,42
145,101.948,94.16,30374.74,173.5,9.18,9.4,9.21,9.385,9.06,308802,Y,262.496,Comedy,25
146,75.5948,94.16,27236.165,171.3,9.26,9.46,9.225,9.365,8.06,294970,Y,261.888,Thriller,52
147,67.5868,94.16,34052.15,173.5,9.155,9.37,9.14,9.495,8.06,305675,Y,202.208,Thriller,59
148,63.101,94.16,31263.54,173.5,9.09,9.255,9.155,9.47,8.06,399297,Y,202.496,Thriller,32
149,67.3724,94.16,27363.93,169.2,9.115,9.32,9.17,9.475,9.06,286266,N,222.336,Comedy,24
150,66.6198,94.16,28808.23,167.3,9.21,9.385,9.2,9.14,8.06,309356,N,282.848,Drama,43
151,74.6794,94.16,31091.335,168.4,9.12,9.39,9.205,9.24,8.06,347105,N,302.464,Comedy,48
152,53.132,94.16,34007.71,170.8,9.175,9.24,9.035,9.315,8.06,428936,N,243.44,Thriller,34
153,49.9264,94.16,30019.22,173.5,9.07,9.27,9.115,9.365,8.06,466687,N,223.136,Thriller,42
154,42.5316,94.16,27841.66,161.5,9.09,9.22,9.05,9.42,9.06,455196,Y,202.448,Comedy,46
155,62.9836,94.16,31713.495,172,9.11,9.32,9.05,9.275,8.06,411772,N,243.104,Comedy,58
156,48.277,94.16,34046.595,169.5,9.115,9.265,9.015,9.11,9.06,440004,N,302.72,Action,48
157,90.7002,94.16,34174.36,156.1,9.06,9.275,9.04,9.13,9.06,432078,N,222.496,Thriller,37
158,68.9336,94.16,29285.96,167.5,9.005,9.145,9.075,9.305,8.06,426057,N,202.096,Thriller,60
159,44.4716,94.16,38568.365,170.9,9.005,9.12,9.04,9.08,9.06,501350,Y,266.608,Comedy,57
160,46.8568,94.16,33696.63,173.5,9.02,9.23,9.05,9.185,8.06,483363,N,263.888,Thriller,46
161,48.5004,94.16,36163.05,173.5,9.08,9.155,9.01,9.22,9.06,475753,Y,243.728,Drama,36
162,45.4692,94.16,34718.75,166.1,9.07,9.24,9.06,9.03,9.06,540041,Y,244.32,Drama,23
163,49.2672,94.16,41601.395,164.3,8.915,9.055,8.935,9.155,8.06,539697,Y,228,Comedy,35
164,56.6754,94.16,43340.11,171.7,8.87,9.12,8.945,8.98,8.06,531084,Y,248,Drama,22
165,50.3804,94.16,46523.125,167.4,8.87,9.03,8.8,8.975,9.06,561132,Y,248,Thriller,57
166,64.8472,94.16,32518.97,165.3,8.645,8.805,8.755,8.95,9.06,467883,Y,303.632,Drama,56
167,78.48,94.16,33891.055,166.5,8.815,8.86,8.705,9.055,8.06,471586,Y,244,Thriller,22
168,60.2038,94.16,44045.595,169.7,8.945,9.045,8.845,9.07,9.06,517904,Y,308,Thriller,37
169,56.0056,94.16,32646.735,152.7,8.655,8.895,8.71,8.89,8.06,468741,Y,203.808,Drama,22
170,66.008,94.16,35102.045,169.6,8.855,8.98,8.88,9.085,8.06,473988,N,223.808,Comedy,23
171,68.9906,94.16,35563.11,168.7,8.85,8.94,8.835,8.85,8.06,449755,N,303.568,Action,22
172,44.1484,94.16,32635.625,168.1,8.65,8.79,8.64,9.07,9.06,438703,N,222.784,Drama,28
173,66.278,94.16,32663.4,170.8,8.69,8.82,8.725,8.985,8.06,470298,N,243.056,Thriller,54
174,22.7828,63.1,30952.46,162,8.65,8.73,8.635,8.79,7.68,415584,N,243.696,Thriller,38
175,21.8356,63.1,35640.88,157.6,8.57,8.715,8.615,8.805,7.68,467457,Y,203.776,Comedy,59
176,21.6894,63.1,32546.745,142.2,8.58,8.65,8.485,8.88,7.68,480435,Y,303.616,Thriller,35
177,21.3328,63.1,36363.03,106.6,8.39,8.545,8.395,8.41,7.68,500067,Y,244.704,Comedy,48
178,21.4044,63.1,33441.1,120.7,8.125,8.295,8.11,8.36,7.68,491916,Y,303.712,Drama,49
179,21.085,63.1,35079.825,146.9,8.325,8.36,8.295,8.38,8.68,487150,Y,283.936,Drama,31
180,21.3284,63.1,38107.3,147.9,8.405,8.625,8.395,8.75,7.68,513390,N,224.784,Comedy,28
181,21.156,59.92,38773.9,131.9,8.445,8.725,8.58,8.59,8.44,505742,N,225.952,Drama,50
182,21.3176,59.92,43134.575,156.8,8.51,8.67,8.52,8.82,7.44,515276,Y,286.368,Action,60
183,21.3776,59.92,34129.92,135.7,8.655,8.805,8.605,8.74,7.44,461876,Y,305.792,Thriller,59
184,21.8206,59.92,39746.025,165.7,8.64,8.675,8.54,8.75,7.44,549262,Y,306.064,Thriller,56
185,22.0016,59.92,36457.465,169.1,8.48,8.665,8.545,8.62,8.44,493498,Y,285.2,Drama,60
186,21.6616,59.92,31130.22,163.3,8.47,8.58,8.425,8.545,8.44,440780,Y,204.224,Drama,27
187,21.2094,59.92,34179.915,142.3,8.285,8.475,8.25,8.43,7.44,463628,Y,224.736,Drama,45
188,21.1204,59.92,43501.205,127.1,8.275,8.405,8.245,8.675,8.44,511949,Y,268,Drama,35
189,21.575,61.88,37674.01,114.6,8.095,8.15,8.065,8.115,7.96,480787,Y,265.12,Thriller,23
190,22.5158,61.88,36418.58,102.6,7.69,7.86,7.66,7.655,8.96,537380,Y,204.768,Thriller,40
191,21.674,61.88,39912.675,112.4,7.585,7.785,7.66,7.835,8.96,520707,N,285.584,Thriller,20
192,21.8136,61.88,38612.805,95,6.73,6.82,6.645,6.845,8.96,512163,N,225.28,Comedy,55
193,21.3822,61.88,37435.145,104.3,6.645,6.79,6.63,6.975,7.96,507193,N,224.88,Comedy,40
194,21.7328,61.88,39873.79,99.8,6.62,6.83,6.7,6.895,7.96,515199,Y,225.824,Drama,40
195,20.4374,60.86,37774,83.4,6.77,6.935,6.775,7.08,7.88,503965,N,264.976,Thriller,24
196,20.2878,60.86,36685.22,92.3,6.745,6.985,6.77,7.06,8.88,525053,N,284.656,Thriller,59
197,20.2762,55.92,43745.625,105.5,7.095,7.235,7.12,7.25,9.12,546519,Y,288,Thriller,26
198,20.8022,58.04,40479.285,107.6,6.21,6.4,6.245,6.525,8.48,549247,Y,305.328,Action,20
199,20.9332,58.04,39479.385,110.1,6.18,6.49,6.3,6.41,8.48,511537,Y,284.848,Action,24
200,20.7536,58.04,40407.07,111.8,6.235,6.39,6.27,6.485,8.48,519868,N,285.536,Drama,43
201,20.63,57.94,38746.125,88.8,6.015,6.24,6.11,6.33,8.6,536549,Y,265.584,Comedy,24
202,20.3556,57.94,39634.925,87.4,6.105,6.185,6.015,6.39,7.6,535003,N,205.264,Drama,22
203,20.689,59.06,34229.91,111.9,6.8,6.965,6.8,6.89,8.06,501886,Y,243.856,Thriller,32
204,20.4354,59.06,42273.55,89.2,6.825,6.955,6.735,6.95,9.06,554735,N,286.768,Action,30
205,20.702,60.36,43623.415,106.7,7.315,7.485,7.35,7.615,9.06,546954,N,227.76,Comedy,22
206,20.4018,60.36,44628.87,105.4,7.295,7.6,7.36,7.505,8.06,517393,Y,308,Thriller,51
207,22.7284,76.18,32724.505,95.8,7.88,8.19,7.945,8.09,8.28,456271,Y,303.616,Thriller,26
208,24.5938,76.18,35140.93,126,7.685,7.88,7.765,7.955,7.28,444948,Y,223.904,Thriller,52
209,25.0398,76.18,32124.565,146.2,7.68,7.875,7.7,8.04,8.28,378970,Y,203.6,Comedy,38
210,22.7174,76.18,33685.52,132.6,7.85,8.005,7.725,7.94,7.28,418851,Y,283.904,Comedy,31
211,28.7142,76.18,29685.92,173.5,8.025,8.07,7.93,8.225,7.28,367698,N,263.2,Comedy,60
212,23.4892,76.18,33107.8,165.6,8.045,8.185,8.02,8,8.28,402133,Y,243.472,Comedy,36
213,27.5156,76.18,30019.22,162.1,8.005,8.295,8.1,8.27,7.28,347413,N,283.088,Thriller,39
214,24.3438,76.18,32257.885,127.3,8.17,8.21,8.1,8.215,8.28,414813,Y,263.584,Thriller,20
215,22.8104,76.18,35413.125,105.8,7.945,8.04,7.91,8.215,7.28,504226,Y,204.496,Comedy,3
216,25.791,76.18,30063.66,83.3,8.16,8.26,8.165,8.235,8.28,298989,Y,223.792,Comedy,21
217,23.9604,76.18,34341.01,115.9,7.925,8.095,8.02,8.065,7.28,456943,Y,244,Drama,30
218,20.912,82.78,32707.84,129.5,8.28,8.515,8.285,8.695,8.72,429010,Y,243.728,Action,22
219,21.4026,82.78,36896.31,158.6,8.24,8.405,8.155,8.36,7.72,461695,N,284.592,Comedy,23
220,22.2138,82.78,33057.805,167.3,8.54,8.56,8.46,8.66,7.72,411880,Y,283.44,Comedy,49
221,22.285,82.78,35402.015,165.9,8.175,8.375,8.315,8.405,8.72,451935,Y,263.68,Comedy,21
222,27.1618,67.4,38612.805,162,8.485,8.64,8.485,8.67,8.52,480270,N,224.272,Thriller,23
223,28.1542,67.4,34241.02,164.8,8.345,8.48,8.42,8.66,8.52,369907,Y,283.472,Comedy,37
224,32.4712,67.4,38212.845,151.2,8.295,8.395,8.31,8.455,7.52,470809,Y,244.4,Action,50
225,32.294,67.4,36762.99,154.3,8.25,8.4,8.23,8.58,7.52,489836,Y,244.816,Thriller,39
226,26.3066,67.4,45917.63,151.8,8.52,8.635,8.435,8.62,8.52,549160,Y,247.168,Drama,47
227,30.5386,67.4,48467.375,156.5,8.435,8.695,8.525,8.56,7.52,521198,Y,268,Thriller,20
228,27.6428,67.4,44662.2,160,8.255,8.52,8.345,8.45,7.52,560909,Y,206.016,Action,54
229,28.2476,67.4,39790.465,153.4,8.345,8.44,8.36,8.42,7.52,506523,N,205.056,Thriller,34
230,25.9638,67.4,42695.73,90.5,8.225,8.35,8.195,8.475,8.52,547397,Y,287.472,Drama,43
231,28.8356,67.4,36396.36,94.9,8.22,8.36,8.29,8.385,8.52,561219,Y,305.04,Comedy,47
232,30.74,67.4,33224.455,141.6,8.015,8.31,8.06,8.265,8.52,480986,N,203.888,Comedy,59
233,29.2592,67.4,41173.66,150.4,8.06,8.33,8.065,8.2,7.52,540602,Y,205.072,Comedy,26
234,31.5058,67.4,46312.035,146.8,7.97,8.09,8.05,8.21,7.52,545730,Y,226.672,Thriller,28
235,26.6294,67.4,45812.085,143.9,8.09,8.255,8.13,8.225,7.52,529841,Y,227.728,Comedy,23
236,28.9582,67.4,37362.93,140,8.165,8.31,8.015,8.205,8.52,514773,Y,264.64,Thriller,32
237,26.609,67.4,33807.73,135,8.045,8.305,8.095,8.255,8.52,471552,Y,283.84,Comedy,57
238,30.4116,67.4,36835.205,150,7.77,8.05,7.9,7.985,7.52,502128,Y,304.016,Action,36
239,30.2366,67.4,40873.69,145.1,7.88,8.09,7.835,7.9,7.52,533135,Y,245.04,Thriller,34
240,21.6488,64.86,36001.955,92,6.87,6.94,6.775,7.035,8.68,523902,Y,243.792,Action,48
241,21.8504,64.86,36696.33,115.7,6.875,6.945,6.795,7.005,7.68,507617,N,303.728,Action,51
242,22.2658,64.86,38312.835,127.8,6.755,6.935,6.8,6.84,8.68,470107,Y,224.32,Comedy,24
243,22.1224,64.86,33857.725,138.6,6.785,6.96,6.685,6.9,7.68,462958,N,263.216,Comedy,41
244,22.058,64.86,35318.69,126.4,6.445,6.595,6.405,6.485,8.68,479264,Y,203.552,Thriller,42
245,22.5514,64.86,35513.115,81.3,6.47,6.515,6.435,6.505,7.68,537248,Y,303.792,Thriller,26
246,24.1216,66.72,31069.115,150,5.925,6.19,5.94,6.035,8.18,458708,N,242.816,Comedy,42
247,23.8266,66.72,31135.775,143.7,5.86,6.085,5.86,6.285,8.18,405929,Y,202.96,Comedy,59
248,26.7966,66.72,33929.94,108.4,5.815,6.11,5.81,6.155,8.18,465288,Y,223.888,Comedy,25
249,23.9314,66.72,34585.43,152.7,5.915,6.005,5.85,6.12,7.18,484343,N,243.28,Thriller,31
250,23.2878,66.72,35735.315,122.6,5.975,6.13,6.055,6.185,7.18,504043,Y,303.92,Thriller,43
251,23.8146,66.72,37318.49,91,5.96,6.2,5.96,6.23,8.18,531248,Y,224.192,Comedy,39
252,22.806,66.72,36035.285,86.5,6.25,6.34,6.185,6.43,7.18,522769,Y,283.904,Thriller,38
253,24.2818,66.72,35763.09,82.4,6.285,6.41,6.295,6.215,7.18,548870,N,243.968,Drama,50
254,21.6442,66.72,38646.135,80.3,5.41,5.575,5.45,5.755,7.18,534094,N,244.736,Action,57
255,27.3788,66.72,45878.745,81.9,5.485,5.555,5.465,5.68,7.18,518247,N,266.848,Thriller,53
256,20.9638,62.28,33929.94,105.5,5.305,5.495,5.345,5.42,7.72,528690,N,243.504,Thriller,56
257,20.7096,62.28,32641.18,92.6,5.385,5.445,5.26,5.47,7.72,459998,N,303.344,Comedy,31
258,20.3076,62.5,41406.97,107.7,6.67,6.985,6.665,7.01,8.82,524356,N,267.04,Thriller,38
259,32.2308,62.94,48350.72,160.4,8.955,9.235,9.085,9.12,9.4,530690,Y,228,Thriller,54
260,33.2702,62.94,40734.815,173.5,8.9,9.13,8.99,9.195,8.4,477252,Y,305.76,Thriller,58
261,33.133,62.94,38007.31,173.5,8.9,9.09,8.84,9.145,8.4,483741,Y,224.816,Thriller,40
262,30.8022,62.94,40012.665,155.3,8.94,9.025,8.815,8.995,9.4,483080,Y,225.408,Drama,21
263,30.6824,62.94,41773.6,162.9,8.8,9,8.925,9,9.4,526451,Y,226.896,Action,24
264,30.4028,62.94,46650.89,165,8.725,8.98,8.805,8.915,8.4,511151,Y,307.808,Thriller,24
265,36.5052,62.94,40701.485,168,8.795,8.99,8.895,9.16,8.4,450060,Y,224.96,Comedy,60
266,31.0014,62.94,40029.33,165.1,9.02,9.045,8.89,9.185,8.4,503379,Y,285.84,Thriller,36
267,35.2324,62.94,30885.8,136.3,8.95,9.015,8.97,9.095,8.4,458883,N,263.648,Comedy,59
268,35.714,62.94,38962.77,158.1,8.89,9.07,8.82,8.955,9.4,440617,N,204.912,Thriller,41
269,31.5668,62.94,46089.835,140.5,8.7,8.935,8.785,8.74,9.4,495431,Y,308,Comedy,42
270,30.81,62.94,41495.85,126.1,8.415,8.69,8.51,8.645,9.4,558567,N,306.96,Drama,43
271,21.813,68.92,32885.6,135,7.89,8.185,8.015,8.075,8.28,442828,N,283.312,Action,29
272,25.9832,68.92,32530.08,115.6,7.67,7.895,7.745,7.83,7.28,448615,Y,303.376,Comedy,27
273,23.2422,68.92,34663.2,89.8,7.72,7.815,7.655,7.95,7.28,527157,N,204.032,Thriller,25
274,22.292,68.92,36318.59,132.2,7.995,8.185,7.94,8.045,7.28,502420,Y,263.904,Thriller,40
275,24.4376,68.92,42723.505,125.3,7.735,7.95,7.76,7.82,8.28,522502,Y,205.632,Thriller,39
276,21.1288,67.82,37540.69,106.4,7.9,8.01,7.81,8.12,8.48,510207,N,245.184,Thriller,30
277,21.9208,67.82,38073.97,116.3,7.86,7.95,7.73,7.925,8.48,532339,Y,245.12,Thriller,23
278,22.0938,67.82,40368.185,122.5,7.53,7.66,7.515,7.72,7.48,490028,N,225.312,Drama,35
279,21.2254,67.82,37918.43,101.1,7.43,7.58,7.54,7.725,7.48,516911,N,225.296,Thriller,21
280,21.5956,67.82,36007.51,105.6,7.89,7.96,7.8,8.075,8.48,504442,Y,204.656,Thriller,38
281,24.2076,61.66,37840.66,105.7,7.825,8.04,7.89,8.045,9.02,504458,N,245.616,Drama,26
282,20.7156,61.66,43440.1,138,7.51,7.665,7.58,7.855,9.02,538611,N,207.264,Comedy,50
283,20.741,61.66,38707.24,110.7,7.225,7.54,7.215,7.53,9.02,546620,Y,285.664,Comedy,48
284,21.2258,61.66,42467.975,123.2,7.27,7.53,7.285,7.495,8.02,524593,Y,247.36,Drama,25
285,20.3002,57.42,44012.265,98.3,6.925,7.08,7.015,7.21,9.28,564706,Y,268,Drama,20
286,20.1812,60.94,39373.84,94.3,6.28,6.5,6.18,6.425,7.94,489220,Y,245.152,Action,30
287,20.2192,59.5,35846.415,105.4,6.335,6.445,6.26,6.345,7.94,511643,Y,283.52,Comedy,55
288,20.393,58.52,34607.65,105,5.395,5.54,5.295,5.595,8.36,449001,Y,203.216,Comedy,39
289,20.7742,65.64,34490.995,104.8,6.275,6.4,6.21,6.475,7.68,514434,Y,283.712,Drama,60
290,20.918,65.64,35079.825,119.1,6.185,6.48,6.27,6.43,7.68,498744,N,243.568,Thriller,22
291,20.8594,65.64,36468.575,96.4,6.335,6.505,6.275,6.25,8.68,459056,N,283.968,Comedy,60
292,20.7004,64.9,38112.855,101.4,7.39,7.59,7.42,7.365,7.16,566644,Y,224.56,Thriller,53
293,21.5772,64.9,39707.14,101.2,7.44,7.515,7.295,7.515,8.16,542840,Y,205.968,Comedy,37
294,20.723,64.9,36829.65,96.9,7.375,7.48,7.315,7.595,8.16,529498,N,244.464,Thriller,37
295,21.653,82.84,34035.485,91.9,7.12,7.305,7.165,7.4,7.8,486691,Y,283.824,Thriller,46
296,21.6398,82.84,33379.995,115.8,7.23,7.265,7.22,7.28,7.8,481269,N,223.472,Drama,23
297,22.5864,82.84,37096.29,104.6,6.9,7.135,6.965,7.08,8.8,534560,Y,204.576,Thriller,44
298,21.0744,82.84,36379.695,124.5,6.89,7.125,6.865,7.195,7.8,479856,N,204.336,Comedy,26
299,22.8206,82.84,32163.45,131.5,6.72,6.85,6.825,6.965,7.8,405787,Y,223.248,Comedy,42
300,21.2932,59.48,35246.475,93.6,6,6.165,5.985,6.195,9.04,517172,N,263.6,Drama,48
301,21.1122,59.48,39112.755,83.5,6.08,6.095,5.945,6.22,8.04,524749,Y,224.64,Drama,36
302,20.8834,59.48,38168.405,120.9,5.955,6.16,6.055,6.175,9.04,503113,Y,223.968,Thriller,29
303,20.7074,67.18,36607.45,113.9,7.185,7.4,7.25,7.175,8.78,456975,Y,243.52,Thriller,21
304,21.8532,67.18,36079.725,91.9,7.1,7.4,7.16,7.36,8.78,495797,Y,224.224,Action,42
305,22,67.18,38785.01,91.2,7.095,7.32,7.245,7.355,8.78,546989,N,285.296,Comedy,34
306,21.103,59.36,40195.98,114.6,7.95,8.02,7.955,8.03,7.32,525924,N,205.776,Thriller,55
307,21.0958,59.36,36751.88,131.6,8.185,8.475,8.175,8.425,7.32,462490,N,304.544,Comedy,22
308,21.5006,59.36,41218.1,145.4,8.345,8.54,8.36,8.555,7.32,497990,Y,245.344,Thriller,23
309,20.9864,59.36,38046.195,143.8,8.36,8.555,8.345,8.375,8.32,490857,Y,244.512,Action,46
310,29.8596,74.8,36857.425,156,8.215,8.38,8.295,8.475,7.32,539571,N,223.648,Thriller,31
311,26.988,74.8,33174.46,150.2,8.3,8.545,8.36,8.59,8.32,491345,Y,223.248,Comedy,51
312,72.7096,74.8,27625.015,111.3,8.685,8.86,8.685,8.735,7.32,447032,N,222.576,Thriller,27
313,35.8082,74.8,34007.71,126.3,8.555,8.83,8.615,8.725,7.32,501252,Y,303.536,Thriller,46
314,25.2338,74.8,33457.765,163.9,8.5,8.665,8.425,8.745,7.32,475124,Y,263.104,Comedy,26
315,25.3876,74.8,34807.63,156.3,8.31,8.51,8.295,8.36,8.32,474736,Y,283.456,Comedy,33
316,27.384,74.8,36479.685,160.8,8.04,8.345,8.1,8.305,7.32,483058,Y,263.808,Drama,56
317,25.0712,74.8,31691.275,151.2,7.99,8.1,7.945,8.075,7.32,482381,N,242.592,Thriller,58
318,26.3654,74.8,32852.27,156.7,7.9,8.09,7.96,8.055,7.32,387823,N,242.848,Thriller,43
319,24.9044,74.8,32119.01,145.2,7.935,8.03,7.83,8.135,8.32,401740,N,243.168,Thriller,50
320,28.0404,74.8,35452.01,140.7,8.1,8.325,8.21,8.3,8.32,478332,N,203.696,Comedy,53
321,29.5094,74.8,33957.715,132.3,7.965,8.07,7.88,8.08,7.32,471282,N,243.36,Action,36
322,23.352,69.76,35696.43,125.8,7.63,7.84,7.615,7.83,8.08,510893,Y,263.808,Thriller,48
323,23.6318,69.76,35418.68,127.8,7.575,7.81,7.595,7.94,8.08,484440,Y,283.696,Drama,40
324,27.0228,69.76,33557.755,123.4,7.535,7.785,7.565,7.67,8.08,491464,N,263.264,Comedy,40
325,25.6784,69.76,31707.94,147.8,7.545,7.7,7.55,7.765,8.08,446743,Y,302.96,Comedy,25
326,26.8218,69.76,35635.325,113.6,7.5,7.75,7.49,7.82,7.08,528887,N,304,Thriller,52
327,23.8372,69.76,35724.205,88.2,7.245,7.45,7.215,7.255,8.08,533713,N,303.936,Comedy,45
328,26.0694,69.76,35063.16,102.4,7.265,7.455,7.145,7.3,7.08,509852,Y,243.68,Thriller,36
329,24.8206,69.76,33791.065,117.2,7.205,7.31,7.26,7.395,8.08,448684,N,303.552,Comedy,27
330,21.3234,61.48,32596.74,99.3,7.29,7.47,7.265,7.54,8.62,483140,Y,203.088,Drama,35
331,21.3448,61.48,35179.815,90.7,7.32,7.46,7.275,7.515,8.62,483051,N,283.616,Comedy,53
332,20.9088,61.48,34129.92,105.7,6.99,7.225,7.05,6.985,7.62,465165,N,223.168,Thriller,26
333,21.0046,67.12,31696.83,101.9,6.665,6.72,6.67,6.665,8.62,450203,N,282.736,Drama,21
334,20.6932,67.12,33502.205,96.8,6.525,6.71,6.6,6.885,8.62,480695,Y,283.104,Comedy,22
335,21.0166,65.38,35085.38,111.6,6.62,6.9,6.735,6.83,7.96,536791,N,223.552,Comedy,34
336,20.7476,65.38,35052.05,112,6.74,6.83,6.655,6.855,6.96,505077,Y,303.312,Action,53
337,20.7922,65.38,33535.535,108,6.87,7.15,6.865,7.145,6.96,477685,Y,283.376,Comedy,57
338,20.6854,65.38,32602.295,119.8,7.25,7.545,7.25,7.495,6.96,483878,N,303.12,Thriller,53
339,20.6082,65.38,32746.725,133.1,7.07,7.255,7.16,7.285,7.96,452920,Y,242.96,Thriller,21
340,20.6612,65.38,33657.745,110.8,7.545,7.74,7.465,7.625,7.96,466294,Y,283.296,Thriller,26
341,21.0994,65.38,33246.675,118.9,7.555,7.68,7.475,7.665,6.96,457316,N,223.04,Drama,28
342,21.2302,65.38,33152.24,132,7.47,7.62,7.515,7.77,7.96,459687,Y,262.992,Comedy,20
343,20.2602,58.04,40223.755,122.8,6.34,6.52,6.41,6.655,8.9,516919,Y,265.232,Comedy,48
344,20.4996,58.78,36329.7,133.2,6.77,6.895,6.705,7.095,7.82,494604,Y,222.64,Thriller,40
345,20.5086,62.56,37196.28,129.9,6.985,7.19,7.08,7.28,7.48,480187,Y,303.824,Action,52
346,20.6098,62.56,38185.07,101.6,6.645,6.91,6.665,6.85,8.48,534902,N,224.992,Thriller,23
347,20.6226,63.78,33407.77,122,5.88,6.045,5.885,6.165,7.24,494404,Y,262.8,Drama,26
348,21.2324,63.78,32763.39,125.8,5.965,6.075,5.835,6.095,7.24,459385,N,262.752,Thriller,46
349,20.374,63.3,36196.38,101.2,5.565,5.855,5.71,5.795,8.42,485496,Y,243.696,Drama,47
350,20.3002,59.02,36857.425,103.2,5.69,5.91,5.73,5.985,8.6,507911,Y,263.92,Comedy,45
351,20.5798,57.5,38546.145,108,5.56,5.73,5.515,5.605,8.06,495540,Y,224.256,Comedy,30
352,21.2422,57.5,36051.95,117.9,5.5,5.685,5.445,5.785,8.06,530639,N,303.664,Thriller,55
353,21.59,58.38,36546.345,109.4,4.51,4.785,4.575,4.705,7.34,528366,Y,203.856,Thriller,45
354,21.4488,58.38,32685.62,92,4.585,4.725,4.515,4.75,8.34,500120,Y,222.976,Thriller,50
355,20.3418,59.04,37374.04,109.6,3.84,4.035,3.84,4.03,8.6,502830,Y,244.816,Drama,40
356,20.8602,58.82,31457.965,95.4,4.62,4.815,4.62,4.775,7.6,484954,N,242.912,Comedy,34
357,22.1318,58.82,32974.48,93,4.59,4.75,4.69,4.8,6.6,503151,N,263.296,Thriller,53
358,199.6592,91.2,34507.66,170.9,8.92,9.095,8.785,8.955,6.96,399154,N,282.848,Comedy,39
359,96.994,91.2,35524.225,164.5,8.585,8.775,8.69,8.94,7.96,465805,N,263.472,Drama,56
360,124.0354,91.2,34035.485,156.9,8.52,8.8,8.55,8.685,6.96,473168,N,303.632,Action,42
361,105.2262,91.2,33952.16,154.8,8.61,8.81,8.72,8.845,6.96,437945,N,283.616,Drama,26
362,110.8384,91.2,35540.89,161.5,8.635,8.79,8.655,8.885,6.96,486963,N,204,Comedy,37
363,96.7368,91.2,34724.305,164.6,8.71,9.01,8.85,8.84,6.96,456314,Y,263.184,Thriller,56
364,93.5644,91.2,29785.91,169.7,8.865,9.1,8.895,8.93,6.96,450482,N,283.328,Drama,52
365,104.4478,91.2,32235.665,162.5,9.01,9.15,9.015,9.015,7.96,439085,Y,302.688,Action,57
366,89.4856,91.2,48772.9,156.4,9.015,9.145,9.04,8.99,6.96,493047,N,243.504,Thriller,26
367,111.1174,91.2,19781.355,161.4,9.185,9.225,9.16,9.205,6.96,527849,Y,244.4,Thriller,51
368,93.939,91.2,27569.465,164.9,8.96,9.225,9.07,9.245,7.96,417956,N,283.504,Drama,58
369,290.444,91.2,21458.965,173.5,9.235,9.305,9.23,9.215,7.96,466467,N,223.696,Drama,24
370,117.9644,91.2,27608.35,173.5,9.265,9.445,9.24,9.385,7.96,549584,N,268,Thriller,41
371,133.3996,91.2,37124.065,170.3,9.225,9.36,9.175,9.53,7.96,513408,Y,308,Thriller,58
372,150.7752,91.2,38973.88,171,9.3,9.54,9.4,9.36,6.96,523799,Y,248,Comedy,46
373,204.646,91.2,34529.88,173.5,9.31,9.525,9.32,9.505,7.96,454281,Y,268,Comedy,25
374,185.345,91.2,32635.625,163.1,9.435,9.495,9.375,9.44,6.96,464886,Y,248,Comedy,57
375,242.162,91.2,27252.83,173.5,9.26,9.505,9.36,9.525,7.96,237541,Y,262.208,Comedy,56
376,389.964,91.2,22986.59,173.5,9.27,9.48,9.425,9.55,6.96,215432,N,262.208,Drama,35
377,412.182,91.2,40623.715,171.4,9.19,9.345,9.195,9.635,7.96,440970,N,302.4,Comedy,45
378,325.76,91.2,36935.195,166.8,9.175,9.445,9.315,9.375,7.96,362344,Y,302.224,Comedy,26
379,216.4698,91.2,37740.67,172.3,9.215,9.465,9.24,9.365,7.96,349344,Y,282.128,Comedy,22
380,492.964,91.2,35440.9,169.7,9.24,9.39,9.235,9.365,6.96,359760,Y,282.096,Drama,54
381,377.334,91.2,34568.765,173.5,9.26,9.435,9.26,9.27,7.96,353650,N,221.632,Action,46
382,1799.524,91.2,38707.24,165.4,9.17,9.43,9.155,9.41,6.96,417588,Y,281.664,Comedy,21
383,337.488,91.2,36357.475,172.6,9.11,9.35,9.18,9.325,6.96,382857,N,201.744,Action,60
384,203.7404,91.2,30752.48,173.5,9.05,9.225,9.14,9.43,7.96,362581,Y,221.808,Thriller,46
385,179.8496,91.2,30663.6,173.5,9.145,9.335,9.14,9.31,7.96,339764,N,301.968,Drama,41
386,421.698,91.2,24264.24,164.7,9.25,9.33,9.26,9.28,7.96,269764,N,281.408,Thriller,25
387,356.236,91.2,29313.735,171.6,9.27,9.385,9.19,9.3,6.96,267965,N,261.152,Action,36
388,507.876,91.2,25841.86,173.5,9.145,9.32,9.14,9.46,7.96,291349,Y,301.68,Thriller,34
389,471.942,91.2,27775,163,9.105,9.26,9.115,9.48,7.96,276179,N,301.184,Action,54
390,306.674,91.2,27108.4,173.5,9.115,9.315,9.175,9.215,6.96,278464,N,201.632,Drama,25
391,183.0348,91.2,29941.45,172.4,9,9.25,9.025,9.265,7.96,369811,N,241.84,Action,51
392,159.243,91.2,31735.715,170.5,8.9,9.145,8.885,9.22,6.96,416162,Y,222.416,Thriller,20
393,125.861,91.2,33613.305,156,8.915,9.045,8.76,8.94,7.96,412194,Y,203.712,Thriller,53
394,251.558,91.2,27974.98,170.5,9.01,9.125,9.035,9.29,6.96,317358,N,281.552,Comedy,51
395,192.8952,91.2,34402.115,166.1,9.055,9.17,8.955,9.235,7.96,437541,N,282.208,Thriller,55
396,287.196,91.2,32702.285,168.2,9.005,9.23,8.97,9.23,7.96,420044,N,302.032,Comedy,40
397,194.335,91.2,35946.405,172.3,8.98,9.26,9.085,9.225,7.96,424127,N,302.096,Action,29
398,137.441,91.2,35579.775,169.5,9.115,9.18,9.1,9.255,6.96,390048,Y,222,Thriller,24
399,173.4404,91.2,31924.585,172.4,9.135,9.23,9.125,9.24,6.96,384688,N,281.36,Comedy,22
400,787.036,91.2,30291.415,173.5,9.215,9.37,9.105,9.33,6.96,291101,N,260.8,Drama,26
401,218.331,91.2,32507.86,151.3,9.15,9.38,9.14,9.33,6.96,270691,N,281.008,Thriller,42
402,520.922,91.2,33257.785,173.5,9.135,9.31,9.04,9.335,7.96,308973,Y,220.896,Drama,30
403,304.724,91.2,35235.365,173.5,9.12,9.33,9.095,9.305,7.96,374897,unknown,201.152,Comedy,50
404,211.9142,91.2,35574.22,173.5,9.17,9.32,9.115,9.12,7.96,359036,N,281.936,Thriller,42
405,516.034,91.2,29713.695,169.5,9.125,9.31,9.06,9.1,6.96,384237,Y,301.328,Thriller,40
406,850.584,91.2,30724.705,158.9,9.05,9.22,9.185,9.33,7.96,312011,N,221.36,Comedy,56
407,1378.416,91.2,31569.065,173.5,9.235,9.405,9.28,9.23,6.96,342621,Y,280.8,Thriller,38
408,434.324,91.2,22986.59,173.5,9.27,9.495,9.3,9.58,6.96,352670,Y,281.904,Thriller,53
409,259.022,91.2,31152.44,173.5,9.27,9.46,9.305,9.39,7.96,434373,Y,264.464,Thriller,26
410,168.0778,91.2,31202.435,171.4,9.235,9.325,9.215,9.315,6.96,316479,N,242.752,Thriller,25
411,308.766,91.2,38062.86,173.5,9.24,9.36,9.26,9.21,6.96,399184,Y,284.4,Drama,57
412,1042.716,91.2,31980.135,173.5,9.155,9.34,9.21,9.47,6.96,474055,N,222.4,Thriller,52
413,301.014,91.2,36979.635,173.5,9.22,9.295,9.17,9.26,7.96,353054,N,282.752,Comedy,44
414,396.22,91.2,25708.54,173.5,9.115,9.23,9.11,9.435,7.96,233720,N,302.864,Comedy,40
415,593.116,91.2,28636.025,173.5,9.08,9.315,9.195,9.235,7.96,375488,N,282.608,Thriller,58
416,934.922,91.2,25103.045,173.5,9.13,9.25,9.05,9.255,7.96,212912,unknown,241.12,Thriller,40
417,381.692,91.2,35740.87,173.5,9.06,9.125,9.08,9.065,6.96,302506,N,221.152,Comedy,59
418,236.684,91.2,37674.01,164.3,9.05,9.23,8.98,9.1,7.96,335532,Y,201.2,Thriller,35
419,538.812,91.2,29463.72,162.6,9.135,9.305,9.095,9.165,6.96,302776,Y,301.664,Action,60
420,1490.682,91.2,33091.135,173.5,9.02,9.155,9.075,9.15,7.96,383325,N,241.408,Comedy,52
421,256.246,91.2,37907.32,150,8.975,9.105,8.96,9.375,7.96,362317,N,261.344,Comedy,26
422,241.748,91.2,35613.105,173.5,9.035,9.095,9.06,9.095,6.96,431269,Y,262.672,Action,48
423,160.4518,91.2,33363.33,168.8,9.01,9.215,9.06,8.965,7.96,434982,N,202.272,Comedy,29
424,260.964,91.2,31374.64,161.1,8.935,9.03,8.9,9.23,7.96,455145,N,223.328,Comedy,36
425,161.0084,91.2,33902.165,158.6,8.96,9.1,8.83,9.065,7.96,340669,N,1622.4,Drama,29
426,195.8424,91.2,30913.575,144.1,8.87,9.005,8.81,9.185,6.96,398327,N,221.872,Comedy,57
427,337.206,91.2,32752.28,168.9,8.925,9.145,9.015,9.095,7.96,349335,Y,301.328,Drama,51
428,264.944,91.2,32424.535,133.2,8.865,9.165,8.905,9.07,6.96,401981,N,281.632,Comedy,33
429,773.238,91.2,34452.11,152.2,8.965,9.17,8.94,9.2,7.96,439565,N,221.744,Drama,42
430,167.3422,91.2,34402.115,151.6,8.94,9.07,9.005,9.11,7.96,356325,Y,241.76,Thriller,45
431,206.7778,91.2,35440.9,169.1,9.01,9.155,8.935,8.965,7.96,354854,unknown,241.52,Comedy,52
432,189.8426,91.2,35263.14,159.6,8.86,9.105,8.92,9.005,6.96,416738,N,222.32,Thriller,53
433,221.246,91.2,37957.315,167.8,8.95,9.055,8.865,8.955,7.96,388831,Y,282.256,Drama,29
434,148.881,91.2,35690.875,148.3,8.8,9.04,8.83,8.93,7.96,458882,Y,202.576,Comedy,42
435,131.6214,91.2,35751.98,161.4,8.83,8.885,8.8,8.85,7.96,418275,N,202.288,Action,46
436,298.268,91.2,34485.44,168.5,8.78,8.955,8.845,8.975,7.96,420282,N,221.872,Comedy,37
437,243.208,91.2,36824.095,168.1,8.925,9.015,8.93,8.88,7.96,338798,N,242.144,Action,46
438,308.416,91.2,35890.855,166.8,8.84,9.09,8.945,9.125,6.96,404986,Y,201.536,Thriller,57
439,323.544,91.2,34174.36,173.5,8.995,9.07,9.015,9.095,6.96,321678,N,221.312,Comedy,60
440,293.562,91.2,32968.925,161.4,9.075,9.195,9.065,9.025,6.96,257073,Y,281.344,Comedy,57
441,207.8126,91.2,31257.985,167.4,9.065,9.14,8.995,9.165,6.96,334563,Y,302.048,Comedy,50
442,461.022,91.2,32318.99,165.9,8.985,9.17,9.02,9.095,7.96,360183,N,241.68,Comedy,38
443,214.4836,91.2,35585.33,170.7,8.835,9.015,8.92,9.095,6.96,373307,Y,302.736,Action,58
444,133.3274,91.2,34546.545,173.5,8.96,9.015,8.985,9.03,7.96,393382,N,282.368,Thriller,54
445,219.3308,91.2,36024.175,173.5,8.855,9.1,8.9,9.19,6.96,387633,N,282.464,Thriller,21
446,276.046,91.2,32518.97,170.1,9.035,9.105,8.965,9.1,7.96,346747,N,241.728,Action,34
447,233.436,91.2,35879.745,168.3,8.9,9.15,8.995,8.98,6.96,342695,unknown,241.888,Thriller,28
448,145.7614,91.2,35224.255,169.9,8.885,8.98,8.89,9.105,7.96,401882,N,302.384,Comedy,41
449,218.497,91.2,34724.305,170.1,8.745,8.995,8.885,8.98,7.96,397006,Y,222.016,Comedy,37
450,206.5818,91.2,34357.675,172.2,8.785,8.9,8.815,8.98,6.96,416481,Y,262.256,Comedy,52
451,170.5202,91.2,35646.435,171.8,8.75,8.945,8.905,9.03,6.96,400065,Y,242.08,Comedy,27
452,154.3544,91.2,37490.695,166.1,8.8,8.945,8.815,8.8,7.96,401512,Y,262.144,Drama,59
453,128.8228,91.2,36968.525,171.7,8.745,8.885,8.675,8.985,6.96,390279,Y,222.432,Comedy,41
454,121.8034,91.2,34979.835,165.3,8.76,8.87,8.815,8.82,7.96,411619,N,302.576,Comedy,21
455,184.9618,91.2,41068.115,172.8,8.615,8.845,8.68,8.955,6.96,407077,unknown,222.848,Thriller,42
456,210.2726,91.2,37374.04,167.6,8.75,8.9,8.625,8.73,6.96,402950,N,282.304,Thriller,34
457,115.0474,91.2,36246.375,160,8.695,8.79,8.63,9.015,6.96,408819,N,282.256,Thriller,36
458,113.3766,91.2,33196.68,161.4,8.675,8.85,8.61,8.705,6.96,369607,N,302.032,Thriller,31
459,184.0116,91.2,32974.48,153.8,8.57,8.755,8.595,8.52,7.96,402267,N,262.16,Comedy,46
460,175.0446,91.2,35002.055,157.2,8.45,8.715,8.59,8.675,7.96,425095,N,302.384,Thriller,39
461,156.0234,91.2,33779.955,157.9,8.63,8.76,8.6,8.575,7.96,438369,Y,283.2,Drama,27
462,116.2426,91.2,37224.055,163.5,8.55,8.81,8.685,8.76,7.96,401242,Y,242.624,Thriller,29
463,93.8622,91.2,35418.68,161.9,8.59,8.885,8.705,8.69,7.96,416540,Y,262.832,Comedy,24
464,153.0984,91.2,35090.935,156.5,8.48,8.785,8.6,8.665,7.96,455177,N,303.12,Thriller,22
465,136.423,91.2,36179.715,163.4,8.47,8.695,8.58,8.65,6.96,474433,Y,303.232,Comedy,30
466,176.7864,91.2,34490.995,138.9,8.42,8.56,8.45,8.64,7.96,456948,N,223.424,Action,55
467,83.272,91.2,31991.245,121.7,8.37,8.595,8.365,8.54,6.96,431316,N,243.184,Comedy,43
468,95.4996,91.2,33063.36,158.2,8.435,8.73,8.46,8.63,7.96,389121,Y,203.04,Comedy,21
469,108.4456,91.2,33346.665,168,8.68,8.895,8.575,8.77,7.96,354464,N,263.056,Action,21
470,331.514,91.2,32918.93,144.5,8.52,8.55,8.44,8.67,6.96,383739,N,303.056,Comedy,28
471,281.502,91.2,31735.715,130.2,8.49,8.705,8.44,8.715,6.96,437878,N,263.216,Comedy,27
472,106.9758,91.2,34257.685,157.5,8.39,8.515,8.47,8.555,7.96,399291,N,243.184,Thriller,36
473,100.7682,91.2,34602.095,164.2,8.36,8.605,8.415,8.425,6.96,455983,unknown,263.136,Action,52
474,91.3736,91.2,35757.535,148.5,8.48,8.685,8.495,8.55,7.96,421532,Y,303.712,Action,39
475,112.9378,91.2,38773.9,141.1,8.615,8.825,8.73,8.765,6.96,469624,Y,304.768,Action,56
476,181.1158,91.2,30146.985,168.9,8.695,8.835,8.72,8.895,7.96,418266,N,222.208,Action,47
477,147.8624,91.2,34229.91,170.9,8.75,8.915,8.75,9.175,7.96,348948,Y,222.128,Drama,27
478,117.4282,91.2,36018.62,167.1,8.71,8.85,8.76,9.075,7.96,373575,Y,282.672,Thriller,22
479,320.468,91.2,29463.72,170.8,8.86,9.005,8.795,9.135,6.96,340338,N,301.92,Drama,39
480,224.66,91.2,34357.675,170.2,8.855,9.01,8.82,8.975,7.96,382809,unknown,302.336,Drama,60
481,306.674,91.2,34602.095,161.5,8.865,9.09,8.96,9.185,6.96,457225,N,203.424,Thriller,32
482,136.4802,91.2,34674.31,138.2,8.26,8.31,8.14,8.445,6.96,471764,N,263.68,Thriller,22
483,134.1636,91.2,37496.25,148.4,8.28,8.37,8.31,8.38,7.96,488266,N,303.792,Comedy,46
484,134.6232,91.2,39223.855,150.5,8.165,8.335,8.27,8.41,6.96,517077,N,224,Drama,29
485,76.3676,91.2,32007.91,113.8,7.795,8.055,7.875,8.075,7.96,481869,N,283.488,Action,57
486,67.5714,91.2,32613.405,115.4,8.035,8.22,8.115,8.185,7.96,438045,Y,243.296,Drama,31
487,93.4734,91.2,35063.16,125.4,7.985,8.075,7.965,7.995,7.96,465487,N,263.392,Action,51
488,133.835,91.2,33963.27,153.3,8.225,8.33,8.12,8.235,6.96,435929,Y,243.056,Comedy,57
489,116.7134,91.2,32802.275,126.7,8.32,8.575,8.42,8.385,6.96,451515,N,223.296,Comedy,44
490,23.0172,110.48,30296.97,166.2,8.95,9.215,9.02,9.175,7.98,411264,N,282.432,Comedy,28
491,23.6674,110.48,30074.77,171.8,8.96,9.235,9.03,9.26,6.98,351221,N,301.12,Comedy,29
492,24.1492,110.48,28291.615,171.5,9.015,9.2,9.025,9.115,7.98,286130,Y,201.296,Action,49
493,22.1148,110.48,33235.565,172.3,9.02,9.155,8.97,9.12,6.98,382738,N,282.176,Comedy,47
494,22.2264,110.48,33235.565,157,8.875,9.09,8.94,8.88,6.98,434825,Y,263.216,Thriller,57
495,23.4662,74.38,31702.385,127.5,8.65,8.865,8.79,8.93,8.16,441556,Y,283.488,Thriller,31
496,25.5914,74.38,32918.93,116.1,8.725,8.93,8.805,8.78,7.16,462430,Y,223.92,Thriller,47
497,23.5798,74.38,31496.85,102.3,8.46,8.755,8.465,8.72,8.16,394787,N,283.696,Action,55
498,25.792,74.38,29941.45,146.4,8.57,8.695,8.51,8.63,7.16,380129,N,243.152,Thriller,44
499,25.3676,74.38,32185.67,144.1,8.48,8.705,8.47,8.56,7.16,426044,Y,282.928,Drama,55
500,24.7824,74.38,33435.545,138.8,8.66,8.875,8.71,8.94,7.16,450933,Y,283.392,Thriller,32
501,23.5566,74.38,30935.795,147,8.77,8.805,8.755,8.87,7.16,414921,N,282.8,Drama,47
502,24.4876,74.38,33479.985,153.2,8.68,8.765,8.59,8.97,7.16,442908,N,282.688,Drama,54
503,21.2526,78.86,36624.115,142.6,8.68,8.775,8.62,8.97,6.8,492480,N,243.584,Action,27
504,20.9054,78.86,33996.6,150.2,8.78,8.945,8.77,8.93,7.8,482875,Y,263.296,Action,20
505,21.2152,78.86,38751.68,164.5,8.83,8.97,8.855,9.01,7.8,532239,N,243.824,Comedy,31
506,22.1918,78.86,37740.67,162.8,8.73,8.845,8.8,8.845,6.8,496077,Y,303.52,Comedy,47
507,20.9482,78.86,33496.65,154.3,8.64,8.88,8.68,8.79,6.8,518438,Y,203.04,Comedy,45
